{"loss":{"0":0.662587261,"1":0.6248196983,"2":0.6200844849,"3":0.6204919335,"4":0.6239364341,"5":0.5926386677,"6":0.6094679886,"7":0.623160244,"8":0.5810344686,"9":0.584954171,"10":0.5696043931,"11":0.5603403916,"12":0.5888897107,"13":0.5870743509,"14":0.5445397251,"15":0.5710795062,"16":0.6598380187,"17":0.5491691839,"18":0.5644374876,"19":0.541763789,"20":0.5215517946,"21":0.5086849787,"22":0.5331010814,"23":0.5417630379,"24":0.5295288126,"25":0.4929115199,"26":0.5303260143,"27":0.565375919,"28":0.5728520587,"29":0.6132374577,"30":0.5248296466,"31":0.5047198647,"32":0.5330188295,"33":0.5469927247,"34":0.5112081482,"35":0.5650259,"36":0.5534618538,"37":0.5437450788,"38":0.5110471766,"39":0.5430552664,"40":0.5262107207,"41":0.5423201272,"42":0.5332030894,"43":0.6275626333,"44":0.5265607268,"45":0.5733809506,"46":0.5556049955,"47":0.5606923408,"48":0.5125956706,"49":0.5400489116,"50":0.5264936669,"51":0.5316824955,"52":0.5516450144,"53":0.5580310648,"54":0.5284876542,"55":0.4905153543,"56":0.6072554057,"57":0.53376626,"58":0.5284899838,"59":0.5591301756,"60":0.5939764514,"61":0.5638189806,"62":0.5187708941,"63":0.5577507509,"64":0.6427953493,"65":0.5397030543,"66":0.5467887738,"67":0.5654568201,"68":0.5008272506,"69":0.5683330956,"70":0.5435702292,"71":0.5541689241,"72":0.504615704,"73":0.6070636772,"74":0.6040262358,"75":0.5269518467,"76":0.6006773786,"77":0.5367934544,"78":0.5797544096,"79":0.5190998593,"80":0.6098760528,"81":0.5758048287,"82":0.5561309443,"83":0.5796302215,"84":0.6102162921,"85":0.5573016461,"86":0.5475570603,"87":0.4925273514,"88":0.5500504802,"89":0.5388947947,"90":0.5434280077,"91":0.5074423018,"92":0.4946096708,"93":0.5180123009,"94":0.5706355505,"95":0.5763806895,"96":0.5801879717,"97":0.5074897325,"98":0.5513860248,"99":0.4796848641},"categorical_accuracy":{"0":0.6435707808,"1":0.7231330276,"2":0.7123578191,"3":0.7150959373,"4":0.684961915,"5":0.7354500294,"6":0.6912900805,"7":0.6717982292,"8":0.7212091684,"9":0.7148214579,"10":0.7264485955,"11":0.7425857782,"12":0.6949800849,"13":0.7147729397,"14":0.7652036548,"15":0.7274391055,"16":0.6324753761,"17":0.7563591599,"18":0.7378971577,"19":0.7776770592,"20":0.7916525602,"21":0.8057698607,"22":0.7616648078,"23":0.750956893,"24":0.7534841299,"25":0.7917474508,"26":0.7525725365,"27":0.7325116992,"28":0.72647506,"29":0.6884715557,"30":0.758250773,"31":0.7799040079,"32":0.7557846904,"33":0.7454341054,"34":0.776037395,"35":0.7282164097,"36":0.7400949597,"37":0.7481849194,"38":0.7844592333,"39":0.7538822293,"40":0.7657372952,"41":0.7531026602,"42":0.7651729584,"43":0.6822562814,"44":0.7603601217,"45":0.7304638624,"46":0.7482370734,"47":0.7499641776,"48":0.7913736105,"49":0.7683002949,"50":0.7801557779,"51":0.7752185464,"52":0.7577269077,"53":0.7524858713,"54":0.7778630257,"55":0.8098815084,"56":0.7083154917,"57":0.7732058167,"58":0.7735162973,"59":0.7461045384,"60":0.7198407054,"61":0.7453950047,"62":0.7829261422,"63":0.7503309846,"64":0.67678684,"65":0.765850544,"66":0.7608590126,"67":0.7454745173,"68":0.8020570278,"69":0.7396097779,"70":0.764447391,"71":0.753584981,"72":0.7945878506,"73":0.7064657211,"74":0.709856689,"75":0.7761862278,"76":0.7082648873,"77":0.7649643421,"78":0.7314447761,"79":0.7804548144,"80":0.7020973563,"81":0.7343466878,"82":0.7537007928,"83":0.7313411236,"84":0.7023056746,"85":0.7512908578,"86":0.7604679465,"87":0.807444036,"88":0.7580912113,"89":0.7662895918,"90":0.7635825872,"91":0.7913208604,"92":0.8003963828,"93":0.7812433839,"94":0.7376650572,"95":0.7295901179,"96":0.7271278501,"97":0.7812310457,"98":0.7465241551,"99":0.8169265985},"val_loss":{"0":0.6022013426,"1":0.6116436124,"2":0.5118103921,"3":0.5873481929,"4":0.4822346717,"5":0.5244091153,"6":0.5055194795,"7":0.4543249905,"8":0.491268158,"9":0.5175476968,"10":0.4317793101,"11":0.4325991124,"12":0.5336773098,"13":0.4047857076,"14":0.4356839359,"15":0.4300380945,"16":0.402421236,"17":0.4979888797,"18":0.3961993158,"19":0.3884031177,"20":0.3779062778,"21":0.3691541106,"22":0.4799584448,"23":0.4547838569,"24":0.3371627182,"25":0.4411033988,"26":0.4135686457,"27":0.3527507931,"28":0.4622434378,"29":0.4678693265,"30":0.4605919421,"31":0.4306784868,"32":0.332221061,"33":0.3160740286,"34":0.3129179329,"35":0.3155236989,"36":0.3211023957,"37":0.3392492533,"38":0.3311805874,"39":0.3298327625,"40":0.3208102286,"41":0.3270979971,"42":0.3255449831,"43":0.4594866782,"44":0.3750488311,"45":0.2999238968,"46":0.3247076869,"47":0.3933948278,"48":0.3419329375,"49":0.3422673196,"50":0.3421545327,"51":0.3341684639,"52":0.3286812305,"53":0.3955017626,"54":0.3291460127,"55":0.3183230162,"56":0.3249124289,"57":0.3269801438,"58":0.3155822456,"59":0.3342754841,"60":0.3291556537,"61":0.3216038197,"62":0.3269323409,"63":0.3219495267,"64":0.3351083547,"65":0.349608168,"66":0.3340417296,"67":0.3291012347,"68":0.3240438253,"69":0.4882907122,"70":0.3346171528,"71":0.325828135,"72":0.3305065185,"73":0.3208989501,"74":0.3277116418,"75":0.3424009234,"76":0.329722181,"77":0.3709660918,"78":0.3501585871,"79":0.3369045854,"80":0.3434398919,"81":0.3245067298,"82":0.3448504955,"83":0.3469048887,"84":0.3494649827,"85":0.3755592108,"86":0.3428598493,"87":0.3467625827,"88":0.3494675905,"89":0.3555663377,"90":0.3454951346,"91":0.2953981012,"92":0.3155760169,"93":0.3133474439,"94":0.3025135994,"95":0.3081967682,"96":0.3224545419,"97":0.3078505397,"98":0.3130649477,"99":0.331255272},"val_categorical_accuracy":{"0":0.8442935348,"1":0.8118007779,"2":0.9695173502,"3":0.5807883143,"4":0.9695097208,"5":0.8040010929,"6":0.7924869061,"7":0.9685575962,"8":0.9489686489,"9":0.7649722695,"10":0.938028276,"11":0.9232193232,"12":0.6694436669,"13":0.9060893059,"14":0.8359546661,"15":0.9024250507,"16":0.9694615602,"17":0.6977800131,"18":0.9695106745,"19":0.9695173502,"20":0.959366858,"21":0.9575279951,"22":0.6412393451,"23":0.7818933129,"24":0.9695173502,"25":0.703692019,"26":0.797557354,"27":0.9598530531,"28":0.6485669613,"29":0.6375877261,"30":0.6398689747,"31":0.7201464176,"32":0.9695173502,"33":0.9695173502,"34":0.9695173502,"35":0.9695173502,"36":0.9581375718,"37":0.9289453626,"38":0.9463999867,"39":0.9680256248,"40":0.9695173502,"41":0.9671209455,"42":0.9623273611,"43":0.6159459949,"44":0.8536126614,"45":0.9695173502,"46":0.9695173502,"47":0.836601615,"48":0.9629240036,"49":0.9659428596,"50":0.9626989365,"51":0.9593051076,"52":0.9601962566,"53":0.800819993,"54":0.9583303928,"55":0.960991323,"56":0.967658639,"57":0.9638757706,"58":0.9668635726,"59":0.9612106681,"60":0.9676986933,"61":0.9695142508,"62":0.9598720074,"63":0.9582386613,"64":0.9623022676,"65":0.9630666375,"66":0.9596793056,"67":0.9650553465,"68":0.9589170814,"69":0.6175793409,"70":0.952853322,"71":0.969506681,"72":0.9607357979,"73":0.9569249153,"74":0.963398695,"75":0.957955718,"76":0.9614842534,"77":0.9534016252,"78":0.9676426649,"79":0.961026907,"80":0.9688691497,"81":0.9641122222,"82":0.9604640007,"83":0.9625937343,"84":0.9620989561,"85":0.9560524225,"86":0.9625464678,"87":0.965035975,"88":0.9629983902,"89":0.9578637481,"90":0.9549800158,"91":0.9535509348,"92":0.9566230774,"93":0.9586703777,"94":0.9656197429,"95":0.9695173502,"96":0.9690106511,"97":0.9695173502,"98":0.9695173502,"99":0.9598917365}}