{"loss":{"0":0.7261995367,"1":0.723270957,"2":0.720202144,"3":0.7245785693,"4":0.719816777,"5":0.712649435,"6":0.7093937618,"7":0.7129157823,"8":0.7114708586,"9":0.7043997473,"10":0.6969409175,"11":0.697645615,"12":0.7117102952,"13":0.7181648241,"14":0.7182933046,"15":0.7165353323,"16":0.7138722949,"17":0.7140127432,"18":0.7150372258,"19":0.7062909846,"20":0.7098198533,"21":0.7138984052,"22":0.7117467632,"23":0.7113204183,"24":0.7209166081,"25":0.7141657198,"26":0.7174013328,"27":0.717137183,"28":0.7161212045,"29":0.7155320403,"30":0.7136604704,"31":0.7201334559,"32":0.7148428448,"33":0.7153300099,"34":0.7083429557,"35":0.7084305928,"36":0.7119095191,"37":0.7182890546,"38":0.7027929104,"39":0.7068980708,"40":0.7084466184,"41":0.7030294289,"42":0.7047076995,"43":0.7194928229,"44":0.7129292135,"45":0.7081618639,"46":0.7051228851,"47":0.7088363281,"48":0.7081915223,"49":0.7089085736,"50":0.7148369647,"51":0.7098579232,"52":0.7074467109,"53":0.7022773142,"54":0.7022055364,"55":0.6954997858,"56":0.6980812582,"57":0.7042778384,"58":0.706767793,"59":0.7149682634,"60":0.7106448095,"61":0.7090666563,"62":0.7111067313,"63":0.7112761009,"64":0.7044679906,"65":0.7062627459,"66":0.7070385418,"67":0.7115507489,"68":0.7089821352,"69":0.7075780357,"70":0.7092198557,"71":0.7029837673,"72":0.7035558718,"73":0.7038510084,"74":0.7111146545,"75":0.7107738489,"76":0.7035991925,"77":0.7003029801,"78":0.7020559822,"79":0.7002373212,"80":0.7006175187,"81":0.7005006009,"82":0.6979258093,"83":0.7249438746,"84":0.7141150499,"85":0.7116956137,"86":0.7072167378,"87":0.705740138,"88":0.7049307329,"89":0.7036429331,"90":0.709316286,"91":0.7109879485,"92":0.7073364562,"93":0.7057264217,"94":0.7077177043,"95":0.7058836079,"96":0.6967834195,"97":0.7028550637,"98":0.7121349251,"99":0.7098838481},"categorical_accuracy":{"0":0.5139836669,"1":0.5316612124,"2":0.546417892,"3":0.5192732811,"4":0.5428635478,"5":0.5705479383,"6":0.5953938365,"7":0.562086463,"8":0.5767161846,"9":0.6128266454,"10":0.6442540288,"11":0.6376286745,"12":0.5587699413,"13":0.540723145,"14":0.551081121,"15":0.543595016,"16":0.5567618012,"17":0.5413285494,"18":0.5465760827,"19":0.5856330991,"20":0.5652735233,"21":0.5481549501,"22":0.5568817854,"23":0.5646904707,"24":0.5074422956,"25":0.5360022783,"26":0.5322144032,"27":0.5282379985,"28":0.5345985889,"29":0.5506987572,"30":0.5592549443,"31":0.5043043494,"32":0.54061836,"33":0.5574499965,"34":0.5821181536,"35":0.5660105348,"36":0.5533890724,"37":0.5256974697,"38":0.5949561596,"39":0.5821105838,"40":0.5751674175,"41":0.6020447016,"42":0.6005737185,"43":0.5285164118,"44":0.5562520623,"45":0.5805686116,"46":0.5783213973,"47":0.5550534725,"48":0.5509718657,"49":0.5598939657,"50":0.5397499204,"51":0.5595605373,"52":0.5753235221,"53":0.597012043,"54":0.6050029993,"55":0.6317474246,"56":0.6111394167,"57":0.5931203961,"58":0.5797299743,"59":0.5519055724,"60":0.56813097,"61":0.5756981373,"62":0.5749138594,"63":0.5725183487,"64":0.5934960246,"65":0.5837837458,"66":0.5791800022,"67":0.5627911687,"68":0.5708692074,"69":0.5764811635,"70":0.566865325,"71":0.6128363013,"72":0.5946092606,"73":0.5906308889,"74":0.5823557377,"75":0.5594156384,"76":0.590264976,"77":0.5952275395,"78":0.5914290547,"79":0.5903539658,"80":0.5903744698,"81":0.6033277512,"82":0.6201917529,"83":0.4997334182,"84":0.5405718684,"85":0.5620915294,"86":0.5928227901,"87":0.5802890062,"88":0.5739684701,"89":0.5821796656,"90":0.5553016067,"91":0.545188427,"92":0.5654739141,"93":0.5980482101,"94":0.5675609708,"95":0.5723327398,"96":0.612835288,"97":0.5799135566,"98":0.5442452431,"99":0.5595323443},"val_loss":{"0":0.7220452141,"1":0.7235312087,"2":0.7445455745,"3":0.7427371343,"4":0.7490682227,"5":0.74698727,"6":0.7440751901,"7":0.7495948474,"8":0.725909094,"9":0.737831895,"10":0.7073072725,"11":0.7533882459,"12":0.7737057606,"13":0.7474740722,"14":0.7342571594,"15":0.7148187624,"16":0.7330072655,"17":0.7407573307,"18":0.7341986497,"19":0.7317662151,"20":0.7186323559,"21":0.7418732113,"22":0.7294761539,"23":0.7232950153,"24":0.7328094686,"25":0.7217214836,"26":0.7323591223,"27":0.7290079196,"28":0.7339631142,"29":0.7334852594,"30":0.7239194336,"31":0.7304983934,"32":0.7199932999,"33":0.7368228943,"34":0.7284294764,"35":0.7256132585,"36":0.7363913788,"37":0.7214673382,"38":0.7425609363,"39":0.7297857073,"40":0.7328714331,"41":0.7374866185,"42":0.7134233603,"43":0.7183223764,"44":0.7181637442,"45":0.7184267464,"46":0.724846352,"47":0.7333668338,"48":0.7432003374,"49":0.7512793762,"50":0.7420938214,"51":0.7421606227,"52":0.7295056206,"53":0.712975959,"54":0.7149233244,"55":0.7137444019,"56":0.7121710777,"57":0.7089638202,"58":0.7219111875,"59":0.7203883749,"60":0.7235636027,"61":0.7469854465,"62":0.7467369857,"63":0.7287763423,"64":0.7335846115,"65":0.7345514629,"66":0.7306442084,"67":0.7195653783,"68":0.7223488203,"69":0.7167565138,"70":0.7314209739,"71":0.7729711356,"72":0.7511081519,"73":0.7373598571,"74":0.7140132608,"75":0.728241448,"76":0.7194355218,"77":0.7154815925,"78":0.7131336949,"79":0.7125224361,"80":0.751440684,"81":0.7609117186,"82":0.7394486931,"83":0.7391934483,"84":0.7256603947,"85":0.7227734107,"86":0.7235910583,"87":0.7323455082,"88":0.7291601477,"89":0.7308965458,"90":0.7454656363,"91":0.7273314507,"92":0.719582721,"93":0.7177587836,"94":0.7090569558,"95":0.7334307918,"96":0.7201451372,"97":0.7357451187,"98":0.7304859228,"99":0.7172792157},"val_categorical_accuracy":{"0":0.5908665061,"1":0.5353193879,"2":0.4242406785,"3":0.4559709728,"4":0.4482008517,"5":0.4650864005,"6":0.4724187553,"7":0.4570351243,"8":0.487397939,"9":0.5049407482,"10":0.5259031653,"11":0.4277510941,"12":0.3804898858,"13":0.417325139,"14":0.5186568499,"15":0.5692743063,"16":0.5368331671,"17":0.4473818243,"18":0.4685011506,"19":0.4696193337,"20":0.4838746786,"21":0.4163878858,"22":0.4399957955,"23":0.4675814211,"24":0.4688750803,"25":0.4924623072,"26":0.45214504,"27":0.4199386835,"28":0.4352386594,"29":0.4180597365,"30":0.4463295341,"31":0.4663318694,"32":0.5387741327,"33":0.4708804786,"34":0.4719772935,"35":0.4372134209,"36":0.4298259318,"37":0.4705210924,"38":0.4662739933,"39":0.502297461,"40":0.4459013343,"41":0.4279562235,"42":0.496663481,"43":0.5349978209,"44":0.5354252458,"45":0.4936237037,"46":0.4867400229,"47":0.4188075662,"48":0.3980246484,"49":0.3768094778,"50":0.4576171935,"51":0.43776384,"52":0.4799360037,"53":0.5459699035,"54":0.5822843313,"55":0.5034068823,"56":0.5420052409,"57":0.5217627883,"58":0.5182308555,"59":0.4788569808,"60":0.4615803361,"61":0.4061698318,"62":0.4275788069,"63":0.4165778756,"64":0.4366235435,"65":0.430031389,"66":0.4104818702,"67":0.466732353,"68":0.4860476851,"69":0.5232168436,"70":0.5057053566,"71":0.3849840462,"72":0.4246093631,"73":0.4698822796,"74":0.5166678429,"75":0.4857828617,"76":0.5631523728,"77":0.5124664307,"78":0.5707402229,"79":0.4955283701,"80":0.4135835171,"81":0.3792235255,"82":0.4421607852,"83":0.3746856451,"84":0.4288203418,"85":0.4674505889,"86":0.4226277769,"87":0.4162869453,"88":0.437058121,"89":0.4337978363,"90":0.4080581665,"91":0.4503463507,"92":0.5059742332,"93":0.5483703613,"94":0.5159281492,"95":0.4382677972,"96":0.4275606275,"97":0.4260582328,"98":0.4374183714,"99":0.4814141691}}