{"loss":{"0":0.7258559784,"1":0.7203468489,"2":0.7170898234,"3":0.7158355795,"4":0.7115646332,"5":0.7016169821,"6":0.7000004061,"7":0.6944699671,"8":0.6867433851,"9":0.687302592,"10":0.695463296,"11":0.6900639109,"12":0.6962138021,"13":0.6941209194,"14":0.6964231856,"15":0.6973047897,"16":0.6928921908,"17":0.6938620507,"18":0.6901272851,"19":0.6911363846,"20":0.6869673805,"21":0.6823432425,"22":0.6808549994,"23":0.6846417601,"24":0.6862242652,"25":0.6815772905,"26":0.6795946056,"27":0.6744416797,"28":0.6717008296,"29":0.6832412988,"30":0.6895309147,"31":0.7044272011,"32":0.6903618416,"33":0.6935127193,"34":0.6901345959,"35":0.6859331873,"36":0.68964458,"37":0.694139959,"38":0.6885063833,"39":0.6808809208,"40":0.6760351983,"41":0.6871452904,"42":0.6900422695,"43":0.6761700321,"44":0.6747491511,"45":0.6762126799,"46":0.672731804,"47":0.6728098035,"48":0.6746708118,"49":0.6753323852,"50":0.6831918445,"51":0.6752482132,"52":0.6827572192,"53":0.6853482909,"54":0.6872629425,"55":0.6863488341,"56":0.6747475335,"57":0.6693915148,"58":0.6868119024,"59":0.691665451,"60":0.7054870771,"61":0.6947664359,"62":0.6899919537,"63":0.6838502406,"64":0.6905074175,"65":0.6775439291,"66":0.6754435804,"67":0.6752280419,"68":0.6787433074,"69":0.6738971293,"70":0.6792681607,"71":0.6741775948,"72":0.6695973846,"73":0.6739333569,"74":0.6741926565,"75":0.6713753438,"76":0.681759614,"77":0.6853671177,"78":0.6749921085,"79":0.6693456155,"80":0.6696792434,"81":0.6717969169,"82":0.6778456224,"83":0.6541691473,"84":0.6704454498,"85":0.6712836875,"86":0.6659017702,"87":0.6622573105,"88":0.6894690306,"89":0.6832459335,"90":0.6698346983,"91":0.6706815994,"92":0.6702013204,"93":0.671644196,"94":0.6768596884,"95":0.6844574026,"96":0.6809347545,"97":0.6797773195,"98":0.6686078235,"99":0.6658442706},"categorical_accuracy":{"0":0.5245135427,"1":0.5594516397,"2":0.5685655475,"3":0.5631802678,"4":0.5863423944,"5":0.6365285516,"6":0.6364637017,"7":0.6627779007,"8":0.7041718364,"9":0.7015938759,"10":0.6663403511,"11":0.6891780496,"12":0.6469587088,"13":0.6559539437,"14":0.6474767327,"15":0.6405696869,"16":0.656029582,"17":0.6592569947,"18":0.673525393,"19":0.6591040492,"20":0.6769071221,"21":0.6973440647,"22":0.7049639225,"23":0.6887002587,"24":0.7038195133,"25":0.728376925,"26":0.7114027143,"27":0.7401643991,"28":0.7510197163,"29":0.6946089268,"30":0.6590556502,"31":0.5960918069,"32":0.6589978337,"33":0.6549805403,"34":0.6690467,"35":0.6902742386,"36":0.6802850962,"37":0.6460712552,"38":0.6699112654,"39":0.7031790018,"40":0.7273922563,"41":0.6756132245,"42":0.6519770622,"43":0.7282566428,"44":0.724052608,"45":0.7127682567,"46":0.7317102551,"47":0.7268133163,"48":0.7254356742,"49":0.725735724,"50":0.6752096415,"51":0.7119684815,"52":0.6794721484,"53":0.6726689339,"54":0.654090941,"55":0.6573275328,"56":0.7330108881,"57":0.7578858733,"58":0.6514860988,"59":0.631256938,"60":0.5644560456,"61":0.6159471273,"62":0.6370688677,"63":0.6696951985,"64":0.6584792137,"65":0.7057890892,"66":0.7099845409,"67":0.7115260363,"68":0.6887469292,"69":0.7161810398,"70":0.691955626,"71":0.7185791135,"72":0.7354492545,"73":0.7095695138,"74":0.7123121023,"75":0.7161374688,"76":0.673805654,"77":0.6512189507,"78":0.7010002732,"79":0.7353803515,"80":0.7318599224,"81":0.7150301337,"82":0.6863338351,"83":0.7921926379,"84":0.7283660173,"85":0.7245910764,"86":0.7473865151,"87":0.7609118819,"88":0.6503632665,"89":0.6666711569,"90":0.7160556912,"91":0.7167230844,"92":0.722081244,"93":0.7199672461,"94":0.6954849362,"95":0.6553281546,"96":0.6798029542,"97":0.6738270521,"98":0.718072474,"99":0.7372318506},"val_loss":{"0":0.7149451507,"1":0.715735877,"2":0.7090604968,"3":0.7101006111,"4":0.7191156767,"5":0.71991522,"6":0.7154850474,"7":0.7011818466,"8":0.6933067772,"9":0.7012526658,"10":0.737061282,"11":0.7069851866,"12":0.7088503352,"13":0.7041920379,"14":0.7054033898,"15":0.7009698395,"16":0.7198751966,"17":0.7009158134,"18":0.7080527941,"19":0.7028914271,"20":0.6933601521,"21":0.7229793778,"22":0.739919477,"23":0.6952124812,"24":0.6963315694,"25":0.6922543844,"26":0.6966497523,"27":0.6867323518,"28":0.6977344332,"29":0.6959436227,"30":0.7034265642,"31":0.7027466297,"32":0.6913960973,"33":0.7077295714,"34":0.7000840571,"35":0.6956687923,"36":0.7013266837,"37":0.6969696592,"38":0.6957677161,"39":0.6833055969,"40":0.6878529191,"41":0.6932544156,"42":0.6867146315,"43":0.7072557255,"44":0.6880216576,"45":0.7048650141,"46":0.7245236459,"47":0.6874797653,"48":0.7092947011,"49":0.6949340988,"50":0.7260159784,"51":0.7390309506,"52":0.7588435875,"53":0.7333116046,"54":0.7285529927,"55":0.6907311656,"56":0.6846626092,"57":0.6799837329,"58":0.6961788712,"59":0.7577928746,"60":0.7165589929,"61":0.7199052285,"62":0.711498521,"63":0.6947084709,"64":0.6806824516,"65":0.6899415233,"66":0.677319328,"67":0.6775766412,"68":0.6859700614,"69":0.6902404759,"70":0.6949330016,"71":0.6813835568,"72":0.6886840683,"73":0.6906566024,"74":0.6742761555,"75":0.6930876816,"76":0.6810938385,"77":0.6825660644,"78":0.6744094955,"79":0.6830632642,"80":0.6922997501,"81":0.6820324836,"82":0.6827506268,"83":0.6892548888,"84":0.6713376222,"85":0.7111160799,"86":0.6944074697,"87":0.713930885,"88":0.7355169521,"89":0.7463108412,"90":0.6961529696,"91":0.688432093,"92":0.6846802433,"93":0.6913371682,"94":0.7246127526,"95":0.7061040799,"96":0.7055316545,"97":0.7047202057,"98":0.6857383185,"99":0.6862488455},"val_categorical_accuracy":{"0":0.6149608493,"1":0.5614248514,"2":0.6009452939,"3":0.5864345431,"4":0.5638753772,"5":0.5815514922,"6":0.5724821687,"7":0.6438197494,"8":0.6245276332,"9":0.6208174229,"10":0.5353930593,"11":0.6158089638,"12":0.6269046068,"13":0.5976024866,"14":0.6339686513,"15":0.6347305179,"16":0.5353060961,"17":0.655087173,"18":0.588914156,"19":0.6316801906,"20":0.6365026832,"21":0.5175591111,"22":0.439195931,"23":0.6141730547,"24":0.6632933021,"25":0.6347607374,"26":0.6577762365,"27":0.6982513666,"28":0.6127957106,"29":0.6598761082,"30":0.6112270951,"31":0.6423960328,"32":0.6811628342,"33":0.590175271,"34":0.641996026,"35":0.6182112098,"36":0.6298309565,"37":0.6277329326,"38":0.6446788907,"39":0.7023261786,"40":0.6256635189,"41":0.6620771289,"42":0.6639261842,"43":0.5944700241,"44":0.6849078536,"45":0.5858401656,"46":0.5270702839,"47":0.645417273,"48":0.5749787688,"49":0.6325567365,"50":0.5311483741,"51":0.4798280895,"52":0.447960645,"53":0.4783676565,"54":0.4539591372,"55":0.6387723088,"56":0.6943055987,"57":0.6497354507,"58":0.6357662082,"59":0.4711507261,"60":0.5623409152,"61":0.5341367126,"62":0.5844061375,"63":0.6215819716,"64":0.6713308692,"65":0.6395198107,"66":0.7111990452,"67":0.6494841576,"68":0.6762681603,"69":0.634186089,"70":0.6185311079,"71":0.6837989688,"72":0.619658649,"73":0.6514033079,"74":0.6686623096,"75":0.6380707026,"76":0.6827202439,"77":0.6384976506,"78":0.7115139365,"79":0.6411247849,"80":0.6404904723,"81":0.6937087178,"82":0.653619349,"83":0.651006639,"84":0.6611967683,"85":0.5555686951,"86":0.6368168592,"87":0.531557858,"88":0.4532955885,"89":0.45944947,"90":0.6202384233,"91":0.660153687,"92":0.6446229219,"93":0.650606513,"94":0.5378632545,"95":0.5736179352,"96":0.5569801927,"97":0.5759090781,"98":0.6814318895,"99":0.6270676255}}