{"loss":{"0":0.4523175568,"1":0.6640126067,"2":0.5737995784,"3":0.5768392402,"4":0.5796269496,"5":0.4860824661,"6":0.5670693295,"7":0.4902030561,"8":0.5773952587,"9":0.5238562618,"10":0.5096879947,"11":0.5435358906,"12":0.4986220629,"13":0.5973546067,"14":0.5099103157,"15":0.6053866595,"16":0.5873057076,"17":0.5631106122,"18":0.5656910791,"19":0.5275548638,"20":0.6619909915,"21":0.6069136852,"22":0.5898453889,"23":0.6082737513,"24":0.568152167,"25":0.6203690215,"26":0.5877902912,"27":0.6483079624,"28":0.5861806982,"29":0.5913010122,"30":0.5966308774,"31":0.5588733404,"32":0.6281672782,"33":0.5912070224,"34":0.6389225428,"35":0.5634828732,"36":0.5503227806,"37":0.6027049361,"38":0.5747647303,"39":0.6727633334,"40":0.6232239682,"41":0.6168248466,"42":0.6074920811,"43":0.5957808713,"44":0.6419023609,"45":0.6303034535,"46":0.6586436833,"47":0.668626283,"48":0.6744404414,"49":0.6339547221,"50":0.6181392729,"51":0.6705930902,"52":0.6144185927,"53":0.6227078138,"54":0.5980054288,"55":0.5775835306,"56":0.6353394152,"57":0.6071310067,"58":0.5857132832,"59":0.5770432549,"60":0.6077380887,"61":0.6112565157,"62":0.5928580601,"63":0.5988426163,"64":0.5663590586,"65":0.6286312311,"66":0.6091771863,"67":0.5952588814,"68":0.5954526944,"69":0.5557408571,"70":0.6073074783,"71":0.5799286386,"72":0.5994283785,"73":0.5542527118,"74":0.5602740445,"75":0.608422047,"76":0.5823565052,"77":0.6193598495,"78":0.5756275245,"79":0.5827205098,"80":0.5874193245,"81":0.6129284135,"82":0.6309619401,"83":0.6015433887,"84":0.6001950279,"85":0.5804094851,"86":0.5672959545,"87":0.5537353394,"88":0.5373813913,"89":0.5973966835,"90":0.5493934299,"91":0.6286786033,"92":0.4980101989,"93":0.5278604462,"94":0.5505427004,"95":0.5047712353,"96":0.5267711343,"97":0.5085758019,"98":0.5331835475,"99":0.5416881111},"binary_accuracy":{"0":0.8298142552,"1":0.6165115833,"2":0.6942083836,"3":0.7110229731,"4":0.6948404312,"5":0.7925652862,"6":0.7170679569,"7":0.7863252759,"8":0.7010787129,"9":0.7613858581,"10":0.7698038816,"11":0.7354387641,"12":0.780629456,"13":0.6823359728,"14":0.7664380074,"15":0.6833664775,"16":0.694581151,"17":0.7198625803,"18":0.7242877483,"19":0.7505666018,"20":0.642429769,"21":0.6848751307,"22":0.695520103,"23":0.6676313877,"24":0.7129398584,"25":0.6542283893,"26":0.6913282871,"27":0.6663223505,"28":0.7103390694,"29":0.7025901675,"30":0.686098516,"31":0.7352065444,"32":0.6648491025,"33":0.6957964301,"34":0.6468458772,"35":0.7296021581,"36":0.7394661903,"37":0.6743724942,"38":0.7010356188,"39":0.5280787945,"40":0.6202972531,"41":0.6380806565,"42":0.6567935348,"43":0.6789375544,"44":0.6065195203,"45":0.6191796064,"46":0.6225326657,"47":0.59102422,"48":0.5883227587,"49":0.6437874436,"50":0.668079555,"51":0.6015232205,"52":0.6557691097,"53":0.6554232836,"54":0.6834067702,"55":0.7092772126,"56":0.6522412896,"57":0.656175375,"58":0.7121952176,"59":0.7140443921,"60":0.676594913,"61":0.67447263,"62":0.6975591183,"63":0.6916223764,"64":0.7237873077,"65":0.6487447023,"66":0.6598908305,"67":0.6797472239,"68":0.6843059659,"69":0.7288467288,"70":0.6787056923,"71":0.7074896693,"72":0.6833452582,"73":0.7412487864,"74":0.7276647091,"75":0.6578606963,"76":0.6954147816,"77":0.6728270054,"78":0.71162498,"79":0.7089041471,"80":0.6975464225,"81":0.6611788273,"82":0.6435775161,"83":0.6788790226,"84":0.6802451611,"85":0.7044772506,"86":0.7196599841,"87":0.7278328538,"88":0.75046134,"89":0.683797121,"90":0.7380897999,"91":0.6710848212,"92":0.7947545052,"93":0.763184607,"94":0.7344033718,"95":0.782009244,"96":0.7569045424,"97":0.7787268758,"98":0.7513601184,"99":0.7466714382},"mean_squared_error":{"0":0.1399169862,"1":0.2339513749,"2":0.1964374781,"3":0.1936018169,"4":0.1977931708,"5":0.1555596143,"6":0.1925105751,"7":0.1580357105,"8":0.1965818554,"9":0.1721109003,"10":0.1656906158,"11":0.1820666343,"12":0.1612813622,"13":0.2052119821,"14":0.1667180657,"15":0.2073943168,"16":0.2019112259,"17":0.1909352094,"18":0.1904528141,"19":0.1743390262,"20":0.2323249429,"21":0.2083614618,"22":0.2016294003,"23":0.209608838,"24":0.191883564,"25":0.2151801586,"26":0.2008570731,"27":0.2256052345,"28":0.1989872754,"29":0.2012091875,"30":0.2043981999,"31":0.1859114766,"32":0.2181807756,"33":0.2019954622,"34":0.2237141132,"35":0.1894576401,"36":0.1838043481,"37":0.2078688443,"38":0.1958344728,"39":0.2434259504,"40":0.2194467634,"41":0.2161420733,"42":0.2110935003,"43":0.2047989368,"44":0.2262908369,"45":0.2213173807,"46":0.2323853672,"47":0.2351206988,"48":0.2379166633,"49":0.2219561785,"50":0.2146087438,"51":0.2383412719,"52":0.2140016258,"53":0.2165186703,"54":0.2059183419,"55":0.1959541291,"56":0.2221244872,"57":0.2103950828,"58":0.1988580525,"59":0.1953151375,"60":0.2100616992,"61":0.2117586285,"62":0.202731207,"63":0.205157727,"64":0.1907927245,"65":0.2192969322,"66":0.211270839,"67":0.2048338205,"68":0.2045658976,"69":0.1864116639,"70":0.2092285603,"71":0.1969641447,"72":0.2067419738,"73":0.1850122511,"74":0.1881907284,"75":0.2120071501,"76":0.1989091039,"77":0.2141881585,"78":0.1950109899,"79":0.1986291707,"80":0.2013453841,"81":0.2133084983,"82":0.2213757187,"83":0.2077023089,"84":0.2067308128,"85":0.1973559111,"86":0.1914329976,"87":0.1857129037,"88":0.1778531075,"89":0.2050789744,"90":0.1831191778,"91":0.2180750072,"92":0.1596112102,"93":0.1729828715,"94":0.1839808822,"95":0.1630780995,"96":0.1733514667,"97":0.164593637,"98":0.1763633937,"99":0.1800278276},"val_loss":{"0":7.0765522674,"1":41.9771708559,"2":1.3825298813,"3":14.5429655446,"4":0.9315927647,"5":1.85560226,"6":1.0131147283,"7":0.9203333413,"8":0.9633884397,"9":0.7365232375,"10":1.7808250542,"11":0.8451332715,"12":0.7812062833,"13":0.8284666384,"14":0.8348355867,"15":7.8975434303,"16":2.8193820141,"17":1.330055515,"18":0.8396502623,"19":0.9628689466,"20":1.3138565818,"21":0.8426656657,"22":0.6785261278,"23":0.8598420863,"24":0.8197102745,"25":0.7504513661,"26":0.7595438759,"27":0.7574700205,"28":0.8783025764,"29":0.8190981746,"30":1.3735651219,"31":1.0161192528,"32":0.874042798,"33":0.6906780976,"34":0.7605434281,"35":0.7936276573,"36":0.8769955216,"37":0.8332786428,"38":0.7669322745,"39":2.4677163672,"40":1.3178755354,"41":0.7191376951,"42":0.8731790428,"43":0.8823370956,"44":0.839605795,"45":0.8520757777,"46":0.7730651608,"47":0.7421775019,"48":0.7797084407,"49":0.8241089185,"50":0.7116594712,"51":0.7145671006,"52":0.7391245807,"53":1.1967526983,"54":0.9594455361,"55":1.1063130862,"56":0.7702084471,"57":0.7971043653,"58":0.8422839664,"59":0.7210406087,"60":0.8233437693,"61":0.8953921707,"62":0.7045724635,"63":0.6827370546,"64":0.8220760315,"65":0.7587526021,"66":0.7879618892,"67":0.8965783406,"68":0.7893098394,"69":0.7577077724,"70":0.7327639571,"71":0.7615139506,"72":0.7192773929,"73":0.7838305191,"74":0.7870908093,"75":0.7297367409,"76":0.7293615474,"77":0.8395279823,"78":0.7749261944,"79":0.7560766008,"80":0.7021476141,"81":0.6823567174,"82":0.844299259,"83":0.7612815234,"84":0.681078158,"85":0.8889355439,"86":0.7148603378,"87":0.7955480814,"88":0.8141749082,"89":0.7989996318,"90":0.9287430953,"91":0.9450060041,"92":0.9153943636,"93":0.7805972828,"94":0.979868816,"95":0.8949334357,"96":0.8517582924,"97":0.7471609844,"98":1.526992948,"99":0.877920813},"val_binary_accuracy":{"0":0.615513742,"1":0.5588761568,"2":0.6016172171,"3":0.5893291235,"4":0.5656883121,"5":0.6138325334,"6":0.453558743,"7":0.3959764838,"8":0.518196106,"9":0.5364360213,"10":0.5161421299,"11":0.4370524883,"12":0.5343850255,"13":0.5212317109,"14":0.4858304858,"15":0.41631338,"16":0.4506219029,"17":0.3790892661,"18":0.468455255,"19":0.5618773699,"20":0.6073451638,"21":0.4939183295,"22":0.6155458689,"23":0.451182425,"24":0.4555271268,"25":0.5701346993,"26":0.5394979715,"27":0.5516599417,"28":0.4592761993,"29":0.446973294,"30":0.3942066431,"31":0.4332349598,"32":0.4423685968,"33":0.550983429,"34":0.5460416079,"35":0.4904313982,"36":0.4895640612,"37":0.5443187356,"38":0.5139688253,"39":0.594860971,"40":0.491037488,"41":0.5642340779,"42":0.3814269006,"43":0.4280429482,