{"loss":{"0":0.6123923849,"1":0.6040437071,"2":0.6038101339,"3":0.6048531623,"4":0.6018254967,"5":0.5968156699,"6":0.598558432,"7":0.6042126127,"8":0.6009880003,"9":0.6009963781,"10":0.6036786317,"11":0.6019754409,"12":0.6034994506,"13":0.5994899568,"14":0.5996240254,"15":0.6012323371,"16":0.6018540648,"17":0.6032897751,"18":0.6017580797,"19":0.6144751538,"20":0.6065524862,"21":0.6030163407,"22":0.594766318,"23":0.5951220176,"24":0.5970221299,"25":0.5954444934,"26":0.5979650228,"27":0.5969769382,"28":0.5950606327,"29":0.5950861046,"30":0.6015587052,"31":0.5968592503,"32":0.598528748,"33":0.6070527039,"34":0.6082156559,"35":0.6057703376,"36":0.5976699799,"37":0.5936203927,"38":0.6106982691,"39":0.6004027947,"40":0.5981257717,"41":0.593136834,"42":0.5911291824,"43":0.5971712623,"44":0.5929065437,"45":0.5907841141,"46":0.5937570649,"47":0.5930749506,"48":0.5892602173,"49":0.5917790785,"50":0.6072126507,"51":0.5999080411,"52":0.5986998368,"53":0.592284391,"54":0.5875813969,"55":0.5885982753,"56":0.5899394578,"57":0.608051408,"58":0.592129147,"59":0.5898546737,"60":0.59216966,"61":0.5928781333,"62":0.5975927333,"63":0.5936916867,"64":0.6010486976,"65":0.5910645294,"66":0.5905596004,"67":0.5872554002,"68":0.5881301355,"69":0.6104244814,"70":0.5995790031,"71":0.6003281202,"72":0.5953786789,"73":0.5956938478,"74":0.5958258153,"75":0.5911399131,"76":0.5991844431,"77":0.5902632255,"78":0.5879755809,"79":0.5897756905,"80":0.5913330058,"81":0.5857317963,"82":0.5902022171,"83":0.5922027495,"84":0.5945846951,"85":0.5955984146,"86":0.5978341218,"87":0.5974659327,"88":0.5882978937,"89":0.598227114,"90":0.5952131784,"91":0.596116422,"92":0.5981822915,"93":0.5878009961,"94":0.5857684565,"95":0.587643601,"96":0.5850551854,"97":0.5874106538,"98":0.5841142519,"99":0.5843529761},"categorical_accuracy":{"0":0.9143647552,"1":0.9438604712,"2":0.943366468,"3":0.9391024709,"4":0.9473556876,"5":0.9665076137,"6":0.9586644769,"7":0.9355517626,"8":0.9483488798,"9":0.9473016262,"10":0.9341340065,"11":0.9390544295,"12":0.9349714518,"13":0.9499881268,"14":0.9478444457,"15":0.942076087,"16":0.9390977025,"17":0.9322873354,"18":0.9408807755,"19":0.894936204,"20":0.917835176,"21":0.930065155,"22":0.9630439878,"23":0.9600641727,"24":0.952321291,"25":0.9574313164,"26":0.9461488724,"27":0.9536857605,"28":0.9631505609,"29":0.9574199319,"30":0.9337777495,"31":0.9496352673,"32":0.9403665066,"33":0.9137879014,"34":0.9139621854,"35":0.9200511575,"36":0.9478135705,"37":0.9579999447,"38":0.9078118801,"39":0.9455586672,"40":0.9455311298,"41":0.9612745047,"42":0.9659520984,"43":0.9425477386,"44":0.9585970044,"45":0.9658119082,"46":0.9531071186,"47":0.9557472467,"48":0.9727477431,"49":0.9684504867,"50":0.9099533558,"51":0.9299362302,"52":0.9337365031,"53":0.9556136131,"54":0.9762805104,"55":0.9707822204,"56":0.9657607079,"57":0.9097723365,"58":0.9561337829,"59":0.963722229,"60":0.9521344304,"61":0.949065268,"62":0.9342089891,"63":0.9467982054,"64":0.9240927696,"65":0.9559468627,"66":0.9595192671,"67":0.9702347517,"68":0.9667497277,"69":0.8911466599,"70":0.9245669246,"71":0.9270512462,"72":0.9484804273,"73":0.9420238733,"74":0.9340957403,"75":0.9528279901,"76":0.929372251,"77":0.9587765336,"78":0.9651660323,"79":0.9571620822,"80":0.9542313814,"81":0.9695932865,"82":0.9554005861,"83":0.9491240978,"84":0.9500230551,"85":0.948494494,"86":0.9330630898,"87":0.932243228,"88":0.9610778689,"89":0.9298231602,"90":0.9357444048,"91":0.9323140979,"92":0.9256111979,"93":0.9570134878,"94":0.9660561681,"95":0.9580093622,"96":0.965906024,"97":0.9575279951,"98":0.9711655974,"99":0.9725083113},"val_loss":{"0":0.6180972037,"1":0.6236979741,"2":0.617679724,"3":0.6155211484,"4":0.6190860669,"5":0.6164473671,"6":0.619453481,"7":0.6214235028,"8":0.6204035569,"9":0.6241363839,"10":0.6150878248,"11":0.6202683405,"12":0.6212226439,"13":0.6169023624,"14":0.6207422989,"15":0.6149838986,"16":0.6204572519,"17":0.610460001,"18":0.6094952932,"19":0.6124351621,"20":0.6092192597,"21":0.6196017287,"22":0.6112259582,"23":0.6132033754,"24":0.616089397,"25":0.6087078562,"26":0.6121729193,"27":0.6200482139,"28":0.6161290275,"29":0.6090699633,"30":0.608120777,"31":0.6213504606,"32":0.6162676259,"33":0.6217870492,"34":0.6109025147,"35":0.6097182455,"36":0.6145434402,"37":0.6096178889,"38":0.6190383832,"39":0.6081510076,"40":0.6339442929,"41":0.6300614653,"42":0.6084846876,"43":0.6118697303,"44":0.6105289305,"45":0.6062281706,"46":0.6064775034,"47":0.6069090256,"48":0.6120265148,"49":0.6121052592,"50":0.6183467552,"51":0.6166981039,"52":0.6053130649,"53":0.6100586564,"54":0.6085930665,"55":0.6083558334,"56":0.6075945276,"57":0.6497344198,"58":0.6205000502,"59":0.6132602383,"60":0.6112466278,"61":0.6275504563,"62":0.602915585,"63":0.6092724116,"64":0.6191989824,"65":0.6085571161,"66":0.6150605436,"67":0.6114829646,"68":0.6106407996,"69":0.6013567404,"70":0.6050757059,"71":0.6068408489,"72":0.604129257,"73":0.6117417658,"74":0.6163808659,"75":0.6092060319,"76":0.604585301,"77":0.6006623021,"78":0.6109922727,"79":0.5983597415,"80":0.6033283605,"81":0.6034203061,"82":0.6054659552,"83":0.6143365591,"84":0.6150073299,"85":0.6160415963,"86":0.596309472,"87":0.6023527825,"88":0.6022845882,"89":0.5950241332,"90":0.6181125773,"91":0.6117808863,"92":0.6139392477,"93":0.6115913546,"94":0.6001252355,"95":0.6057258226,"96":0.5974986112,"97":0.6049215551,"98":0.6055948845,"99":0.5979728765},"val_categorical_accuracy":{"0":0.8590880632,"1":0.84785074,"2":0.884275794,"3":0.8857856393,"4":0.8870663047,"5":0.886339426,"6":0.8861901164,"7":0.8822703362,"8":0.8752908707,"9":0.8763722777,"10":0.8868790865,"11":0.8816666007,"12":0.8749477863,"13":0.8744655848,"14":0.8747419119,"15":0.8704249263,"16":0.8780456781,"17":0.9173502326,"18":0.8961418271,"19":0.8963934779,"20":0.9016519785,"21":0.8841289878,"22":0.9026560783,"23":0.8856791258,"24":0.8859879375,"25":0.8960745335,"26":0.8979023695,"27":0.8734971285,"28":0.8909900784,"29":0.9102580547,"30":0.8971233368,"31":0.869704783,"32":0.8787261844,"33":0.8578816652,"34":0.9008916616,"35":0.8941401243,"36":0.8870075941,"37":0.885843575,"38":0.8663008213,"39":0.904224813,"40":0.8139417768,"41":0.8348838687,"42":0.9005064368,"43":0.8985422254,"44":0.9010428786,"45":0.8965342641,"46":0.9127478004,"47":0.901460886,"48":0.8955234289,"49":0.8978296518,"50":0.8393144608,"51":0.8696944714,"52":0.8781213164,"53":0.8885611296,"54":0.8961877227,"55":0.8842417002,"56":0.9033477902,"57":0.7687324882,"58":0.8601541519,"59":0.8818449974,"60":0.8826053739,"61":0.8398481607,"62":0.8907020092,"63":0.8935367465,"64":0.8580677509,"65":0.896009028,"66":0.8814991713,"67":0.874930203,"68":0.8930532336,"69":0.912858963,"70":0.9050043225,"71":0.8924373388,"72":0.8897691369,"73":0.884347558,"74":0.8592398167,"75":0.889921844,"76":0.9025352001,"77":0.8925159574,"78":0.8814188838,"79":0.9043765068,"80":0.9049773216,"81":0.9124956131,"82":0.898614943,"83":0.8678280115,"84":0.8317314386,"85":0.8523873091,"86":0.9303221107,"87":0.9112410545,"88":0.9138610363,"89":0.916872263,"90":0.858073771,"91":0.8790229559,"92":0.8612326384,"93":0.8826355338,"94":0.9004709721,"95":0.8982791305,"96":0.9149971008,"97":0.8967257738,"98":0.9011359215,"99":0.9068766832}}