{"loss":{"0":0.3594807937,"1":0.2513677904,"2":0.2642230485,"3":0.3224986179,"4":0.3195993895,"5":0.2905608519,"6":0.2889458277,"7":0.2797213125,"8":0.2399049985,"9":0.2463496781,"10":0.2407442418,"11":0.2000448273,"12":0.2133493988,"13":0.2627338626,"14":0.24226078,"15":0.2145631556,"16":0.2112178068,"17":0.282462768,"18":0.2775068688,"19":0.2494560815,"20":0.2352288939,"21":0.2088688747,"22":0.2013872006,"23":0.2029956784,"24":0.1636078892,"25":0.1530026329,"26":0.1685264834,"27":0.2162053639,"28":0.188119038,"29":0.1713057311,"30":0.1563064764,"31":0.1624364574,"32":0.1431690318,"33":0.1630418874,"34":0.2070866376,"35":0.1690019196,"36":0.148152143,"37":0.1541092438,"38":0.1642485393,"39":0.1591934925,"40":0.1367368265,"41":0.1381035227,"42":0.1463411037,"43":0.1351827536,"44":0.1343537725,"45":0.1471311873,"46":0.1848247455,"47":0.1791416723,"48":0.172541487,"49":0.1367374488,"50":0.1423802401,"51":0.1577292596,"52":0.1473038113,"53":0.122568452,"54":0.0995002513,"55":0.1318235007,"56":0.1176393026,"57":0.1040787785,"58":0.0962389187,"59":0.1027280267,"60":0.1152757933,"61":0.1063435043,"62":0.142598999,"63":0.1347897838,"64":0.1185277424,"65":0.1083318876,"66":0.097466096,"67":0.1232235454,"68":0.1275095164,"69":0.1224505588,"70":0.1184086697,"71":0.1202080445,"72":0.1033157674,"73":0.0993632239,"74":0.0896194178,"75":0.0984436152,"76":0.0963429912,"77":0.1057025474,"78":0.1116103214,"79":0.0992274317,"80":0.0980764031,"81":0.1169631078,"82":0.0989354958,"83":0.0967144249,"84":0.0954314783,"85":0.093644456,"86":0.0829549245,"87":0.0833846703,"88":0.0962992457,"89":0.0807880181,"90":0.0716913357,"91":0.0693638046,"92":0.0677060763,"93":0.0640972329,"94":0.0576804494,"95":0.0628991627,"96":0.0603907,"97":0.0620230656,"98":0.0640984227,"99":0.061680311},"binary_accuracy":{"0":0.3727841079,"1":0.369247973,"2":0.3310857117,"3":0.3791525364,"4":0.3599449694,"5":0.383670032,"6":0.3895083964,"7":0.3729916513,"8":0.3495200872,"9":0.3093879223,"10":0.3739417791,"11":0.3299839199,"12":0.3221801519,"13":0.3206576109,"14":0.3371242881,"15":0.4867424965,"16":0.4625343978,"17":0.3782970607,"18":0.4158248901,"19":0.4107941389,"20":0.4075165987,"21":0.4026346505,"22":0.3636977673,"23":0.3293016851,"24":0.4037925899,"25":0.4267932475,"26":0.424071461,"27":0.3645509183,"28":0.4001821578,"29":0.3314843178,"30":0.3318660855,"31":0.3734285235,"32":0.4026740491,"33":0.3752133548,"34":0.3985753953,"35":0.3878420591,"36":0.4210432768,"37":0.4356360435,"38":0.4399797618,"39":0.4458374679,"40":0.4319776893,"41":0.4583078325,"42":0.4433387518,"43":0.4683364928,"44":0.4678714871,"45":0.4252683222,"46":0.410587132,"47":0.3972893655,"48":0.4129647315,"49":0.472144872,"50":0.4604788125,"51":0.3866437078,"52":0.381870538,"53":0.3787635565,"54":0.4136401713,"55":0.3877982497,"56":0.4156705141,"57":0.4268778265,"58":0.4628039598,"59":0.476161778,"60":0.4990308285,"61":0.496999532,"62":0.4325338602,"63":0.4056740701,"64":0.4398220778,"65":0.5296523571,"66":0.5060653687,"67":0.4706954062,"68":0.4496412277,"69":0.4684556723,"70":0.5162718296,"71":0.5065627098,"72":0.5536986589,"73":0.5276927948,"74":0.5156827569,"75":0.4939697683,"76":0.4705082476,"77":0.4934726059,"78":0.4782193303,"79":0.4505655468,"80":0.5092343688,"81":0.4955579638,"82":0.4981714785,"83":0.5350589752,"84":0.4716136754,"85":0.5022705197,"86":0.5596814156,"87":0.5065025687,"88":0.4740009904,"89":0.4704310596,"90":0.5057027936,"91":0.5974843502,"92":0.5191633105,"93":0.5431522727,"94":0.4565918744,"95":0.4302608669,"96":0.4259545803,"97":0.4242168963,"98":0.4656473696,"99":0.4610952139},"val_loss":{"0":0.3268074735,"1":0.2591413679,"2":0.3989946081,"3":0.2674095222,"4":0.3271603794,"5":0.3550878377,"6":0.2843244898,"7":0.3012433661,"8":0.2094131134,"9":0.194970919,"10":0.2724566989,"11":0.317237234,"12":0.212867505,"13":0.2560723915,"14":0.4850974778,"15":0.4220736038,"16":0.3528467513,"17":0.5146009514,"18":0.3991282759,"19":0.3215576587,"20":0.2621355885,"21":0.265241204,"22":0.2501494774,"23":0.225645966,"24":0.3830547399,"25":0.2541709686,"26":0.2193382526,"27":0.197700804,"28":0.1734160367,"29":0.1831661866,"30":0.3052854185,"31":0.1676684039,"32":0.1809495235,"33":0.194737239,"34":0.2123665495,"35":0.2023949121,"36":0.2001033607,"37":0.2017533111,"38":0.1676530987,"39":0.3599001553,"40":0.2846636816,"41":0.2395902701,"42":0.262445627,"43":0.3042983054,"44":0.3323809266,"45":0.3253834248,"46":0.2393144855,"47":0.1697408789,"48":0.2559825277,"49":0.2729919597,"50":0.3484121351,"51":0.2976578466,"52":0.1345965929,"53":0.123647415,"54":0.1232416103,"55":0.1007506762,"56":0.1668782005,"57":0.1941562405,"58":0.1520913107,"59":0.1035956658,"60":0.2636112615,"61":0.1565065412,"62":0.1367481174,"63":0.1271998653,"64":0.0976649705,"65":0.1020822892,"66":0.0987748032,"67":0.1105235583,"68":0.1108006457,"69":0.1853639942,"70":0.1363970814,"71":0.2333867404,"72":0.2067530089,"73":0.1232169008,"74":0.1194519279,"75":0.0955934489,"76":0.1687505676,"77":0.1217404185,"78":0.1500181743,"79":0.1551922455,"80":0.1352028736,"81":0.1194821505,"82":0.0719597271,"83":0.1125493185,"84":0.1168686645,"85":0.0876477333,"86":0.2131741262,"87":0.2544317003,"88":0.1107154317,"89":0.0767140342,"90":0.0916108558,"91":0.0516238887,"92":0.0511621382,"93":0.0615832159,"94":0.0464082516,"95":0.0702610794,"96":0.0641110291,"97":0.1007901684,"98":0.0745634713,"99":0.0635159419},"val_binary_accuracy":{"0":0.5377623439,"1":0.6037014723,"2":0.5589658022,"3":0.6047217846,"4":0.5700944066,"5":0.5868898034,"6":0.605435431,"7":0.529815495,"8":0.6126834154,"9":0.5650553107,"10":0.5630695224,"11":0.5694853067,"12":0.5623022914,"13":0.5880281925,"14":0.4469373524,"15":0.561558187,"16":0.5031568408,"17":0.4433132708,"18":0.498527348,"19":0.5127977729,"20":0.5538839698,"21":0.5740272999,"22":0.5333010554,"23":0.5578097701,"24":0.4998514354,"25":0.5081368685,"26":0.5651610494,"27":0.5637474656,"28":0.6069186926,"29":0.5579025745,"30":0.5606740117,"31":0.5727268457,"32":0.5876822472,"33":0.6149106026,"34":0.5693852901,"35":0.6012833118,"36":0.5795004964,"37":0.59655267,"38":0.621024549,"39":0.5085628033,"40":0.5860811472,"41":0.5686230659,"42":0.5468404293,"43":0.5435740948,"44":0.5189896226,"45":0.6121884584,"46":0.5704203248,"47":0.5943132639,"48":0.5112609863,"49":0.4972516,"50":0.5353122354,"51":0.5127178431,"52":0.5927007198,"53":0.5879839063,"54":0.5600426197,"55":0.6140677333,"56":0.564391613,"57":0.6038022041,"58":0.5802603364,"59":0.5731955767,"60":0.5866943598,"61":0.5623067021,"62":0.5762408972,"63":0.5739149451,"64":0.5678855181,"65":0.6106619835,"66":0.5570700765,"67":0.6086400747,"68":0.5674977899,"69":0.5913604498,"70":0.622269392,"71":0.5742518902,"72":0.6219207644,"73":0.5729066133,"74":0.5940988064,"75":0.6162745357,"76":0.5594813824,"77":0.6092947721,"78":0.5617851019,"79":0.5901546478,"80":0.6040207744,"81":0.5673736334,"82":0.6154532433,"83":0.5601662397,"84":0.6007727981,"85":0.5924350619,"86":0.5774332881,"87":0.6209647059,"88":0.5645930767,"89":0.6014040709,"90":0.5795425177,"91":0.5720131993,"92":0.6131335497,"93":0.5592089891,"94":0.6053093672,"95":0.5731624365,"96":0.5769557357,"97":0.6164907217,"98":0.5602856874,"99":0.6093921065}}