{"loss":{"0":0.6860596675,"1":0.6822019985,"2":0.6819404099,"3":0.6791895638,"4":0.6758872304,"5":0.6785837196,"6":0.6675799565,"7":0.6647989978,"8":0.6691785768,"9":0.6717737393,"10":0.6737439431,"11":0.6728971384,"12":0.6692476189,"13":0.6611827971,"14":0.6666051504,"15":0.6576189902,"16":0.6584365698,"17":0.6530089646,"18":0.6495135666,"19":0.6409969427,"20":0.6411933286,"21":0.6540438458,"22":0.6791666513,"23":0.6649792063,"24":0.6652173794,"25":0.6661135756,"26":0.6579863484,"27":0.6540501455,"28":0.6564193862,"29":0.6705804837,"30":0.6703908247,"31":0.6591902687,"32":0.6581671342,"33":0.663709147,"34":0.681474091,"35":0.6724829034,"36":0.6580699692,"37":0.65047026,"38":0.649773998,"39":0.6466475606,"40":0.6522594981,"41":0.6510492431,"42":0.64830085,"43":0.6343303118,"44":0.6348089776,"45":0.6791121483,"46":0.6798759298,"47":0.6704409487,"48":0.6550535679,"49":0.6476433522,"50":0.6477920162,"51":0.6507715442,"52":0.6391192343,"53":0.6481143193,"54":0.6522720016,"55":0.6507181464,"56":0.6497891571,"57":0.6668742169,"58":0.653805657,"59":0.643889978,"60":0.6446859192,"61":0.6457161134,"62":0.637899067,"63":0.6389112095,"64":0.6539554656,"65":0.6540664634,"66":0.6523612716,"67":0.6496719909,"68":0.6604445028,"69":0.6473407882,"70":0.654168561,"71":0.654277828,"72":0.6530511675,"73":0.6500497768,"74":0.6385736775,"75":0.6432224876,"76":0.640437709,"77":0.6423190813,"78":0.646758837,"79":0.6419387467,"80":0.6452895596,"81":0.661400883,"82":0.6530932164,"83":0.6474387219,"84":0.6517773209,"85":0.649104858,"86":0.6499517141,"87":0.6606040578,"88":0.6416156896,"89":0.6438718654,"90":0.6431335204,"91":0.6399997298,"92":0.6501922773,"93":0.6634690862,"94":0.6428737509,"95":0.6211669911,"96":0.6310994206,"97":0.6498120355,"98":0.6479906266,"99":0.6474168055},"categorical_accuracy":{"0":0.6671197414,"1":0.6859111786,"2":0.6830584407,"3":0.6923086047,"4":0.7081195712,"5":0.6799893379,"6":0.7369977236,"7":0.7462357879,"8":0.747800827,"9":0.7287868857,"10":0.7098701,"11":0.7106817365,"12":0.7295372486,"13":0.7587674856,"14":0.7309571505,"15":0.7744247913,"16":0.7701498866,"17":0.7914250493,"18":0.8011048436,"19":0.8357048035,"20":0.8392104506,"21":0.7889943123,"22":0.6745758057,"23":0.7314081788,"24":0.7515277267,"25":0.7385777235,"26":0.7737026811,"27":0.7948822379,"28":0.7849592566,"29":0.716283083,"30":0.7224761248,"31":0.7686300278,"32":0.7672117949,"33":0.7403475642,"34":0.6717528701,"35":0.7056097984,"36":0.7630977631,"37":0.802628696,"38":0.7890075445,"39":0.7991866469,"40":0.7750758529,"41":0.7788375616,"42":0.7932936549,"43":0.8521558642,"44":0.8505987525,"45":0.6633034348,"46":0.6613508463,"47":0.7002658844,"48":0.7689321041,"49":0.7985589504,"50":0.7931718826,"51":0.7839847803,"52":0.8317952156,"53":0.7894660234,"54":0.7685696483,"55":0.7844769955,"56":0.7869850397,"57":0.7097494006,"58":0.7637629509,"59":0.8089128137,"60":0.8085439801,"61":0.809807539,"62":0.8345230222,"63":0.8262575269,"64":0.7715308666,"65":0.7636113763,"66":0.7759214044,"67":0.8045764565,"68":0.7492580414,"69":0.7973327041,"70":0.7635378242,"71":0.7622715831,"72":0.7617555261,"73":0.7738786936,"74":0.8289348483,"75":0.8030624986,"76":0.832266748,"77":0.8194077015,"78":0.7920768261,"79":0.8022803068,"80":0.7891349792,"81":0.726673007,"82":0.7614364028,"83":0.7905387878,"84":0.7699415684,"85":0.7806640863,"86":0.7704473138,"87":0.7329291701,"88":0.8040707707,"89":0.793730855,"90":0.7939091325,"91":0.8095913529,"92":0.7729053497,"93":0.7192841768,"94":0.7874554396,"95":0.8881183863,"96":0.8431813121,"97":0.7719175816,"98":0.7750297785,"99":0.776106298},"val_loss":{"0":0.677477724,"1":0.6752398235,"2":0.7021833437,"3":0.7064660721,"4":0.6813699713,"5":0.6603325164,"6":0.6740096852,"7":0.6915597275,"8":0.6825827206,"9":0.6776640592,"10":0.6755789872,"11":0.672076658,"12":0.7002616039,"13":0.7102946948,"14":0.6824045844,"15":0.6738966615,"16":0.6920528103,"17":0.6920491413,"18":0.7098512981,"19":0.6998493384,"20":0.6964714262,"21":0.7348147035,"22":0.743092453,"23":0.7470556233,"24":0.6876118735,"25":0.6765220695,"26":0.6748814892,"27":0.6680090494,"28":0.6757434297,"29":0.6716177486,"30":0.6718903228,"31":0.6840000108,"32":0.6957370418,"33":0.6709306262,"34":0.6667180172,"35":0.662214533,"36":0.6688091887,"37":0.6761303279,"38":0.6671663015,"39":0.6675922164,"40":0.723504157,"41":0.6860813344,"42":0.7087085093,"43":0.6858137449,"44":0.6869981642,"45":0.6630945603,"46":0.6770315855,"47":0.7002199888,"48":0.6685895655,"49":0.6576966665,"50":0.6576117145,"51":0.6701883784,"52":0.6688795708,"53":0.6600767904,"54":0.6868876108,"55":0.7148819632,"56":0.6878482832,"57":0.6613728382,"58":0.6681444888,"59":0.6843905846,"60":0.6773426599,"61":0.6643481409,"62":0.6543615151,"63":0.6667033213,"64":0.6822547206,"65":0.6881200053,"66":0.6667186331,"67":0.6714523898,"68":0.6690781293,"69":0.6644605398,"70":0.6625013263,"71":0.6662202985,"72":0.6612843518,"73":0.6961861363,"74":0.6589956107,"75":0.6622717734,"76":0.6741275589,"77":0.6935621809,"78":0.6685085473,"79":0.6584143617,"80":0.660843741,"81":0.6688734072,"82":0.6569974776,"83":0.6915307972,"84":0.6758107146,"85":0.74158746,"86":0.706228413,"87":0.6973674739,"88":0.66663869,"89":0.6589879416,"90":0.6694390089,"91":0.6598032073,"92":0.673846417,"93":0.6585904448,"94":0.6466101165,"95":0.6806355626,"96":0.6632711335,"97":0.674923038,"98":0.6844415245,"99":0.7260657416},"val_categorical_accuracy":{"0":0.680690825,"1":0.6400346756,"2":0.6096091866,"3":0.5383407474,"4":0.6931971312,"5":0.7246395946,"6":0.6670088172,"7":0.6652966142,"8":0.6582826376,"9":0.6935412884,"10":0.7114346027,"11":0.7007335424,"12":0.5856023431,"13":0.5351734161,"14":0.6617103815,"15":0.7125325799,"16":0.6618793011,"17":0.6292095184,"18":0.5902603269,"19":0.5835705996,"20":0.613907814,"21":0.4638683796,"22":0.4155012071,"23":0.4873889685,"24":0.6569738984,"25":0.712479353,"26":0.6896537542,"27":0.7429534793,"28":0.6720362306,"29":0.7245051861,"30":0.7375305891,"31":0.672498107,"32":0.6194007397,"33":0.6726421714,"34":0.7284237146,"35":0.7230427265,"36":0.7135653496,"37":0.7044784427,"38":0.7092102766,"39":0.7319168448,"40":0.5309816003,"41":0.6420704126,"42":0.5569554567,"43":0.6444995999,"44":0.644716084,"45":0.7067375779,"46":0.6875388622,"47":0.5953397155,"48":0.6875400543,"49":0.7521107197,"50":0.7124469876,"51":0.7071073651,"52":0.7239937782,"53":0.7181295753,"54":0.6419940591,"55":0.557264924,"56":0.6410692334,"57":0.7493988276,"58":0.6990678906,"59":0.6537967324,"60":0.6646257639,"61":0.7338886857,"62":0.7721420527,"63":0.7172816396,"64":0.6621338129,"65":0.6291781664,"66":0.7257492542,"67":0.6941424608,"68":0.7099181414,"69":0.7426788211,"70":0.7063768506,"71":0.7306640744,"72":0.7132374644,"73":0.6094046235,"74":0.7527173162,"75":0.7011739016,"76":0.6934524179,"77":0.5877045989,"78":0.7132052779,"79":0.764519155,"80":0.7073869705,"81":0.7137170434,"82":0.7179154158,"83":0.6141829491,"84":0.6919180155,"85":0.4785381556,"86":0.5709794164,"87":0.5626594424,"88":0.7154614329,"89":0.7371447682,"90":0.6761343479,"91":0.7347590327,"92":0.6357579231,"93":0.7330422401,"94":0.7768454552,"95":0.6528687477,"96":0.7284853458,"97":0.6814070344,"98":0.6408830881,"99":0.5497875214}}